<?xml version="1.0" encoding="UTF-8"?>

<mule xmlns:tracking="http://www.mulesoft.org/schema/mule/ee/tracking" xmlns:metadata="http://www.mulesoft.org/schema/mule/metadata" xmlns:dw="http://www.mulesoft.org/schema/mule/ee/dw" xmlns:ws="http://www.mulesoft.org/schema/mule/ws" xmlns:data-mapper="http://www.mulesoft.org/schema/mule/ee/data-mapper" xmlns:http="http://www.mulesoft.org/schema/mule/http" xmlns:mulexml="http://www.mulesoft.org/schema/mule/xml" xmlns:cxf="http://www.mulesoft.org/schema/mule/cxf" xmlns="http://www.mulesoft.org/schema/mule/core" xmlns:doc="http://www.mulesoft.org/schema/mule/documentation"
	xmlns:spring="http://www.springframework.org/schema/beans" version="EE-3.7.1"
	xmlns:xsi="http://www.w3.org/2001/XMLSchema-instance"
	xsi:schemaLocation="http://www.springframework.org/schema/beans http://www.springframework.org/schema/beans/spring-beans-current.xsd
http://www.mulesoft.org/schema/mule/core http://www.mulesoft.org/schema/mule/core/current/mule.xsd
http://www.mulesoft.org/schema/mule/cxf http://www.mulesoft.org/schema/mule/cxf/current/mule-cxf.xsd
http://www.mulesoft.org/schema/mule/http http://www.mulesoft.org/schema/mule/http/current/mule-http.xsd
http://www.mulesoft.org/schema/mule/xml http://www.mulesoft.org/schema/mule/xml/current/mule-xml.xsd
http://www.mulesoft.org/schema/mule/ws http://www.mulesoft.org/schema/mule/ws/current/mule-ws.xsd
http://www.mulesoft.org/schema/mule/ee/data-mapper http://www.mulesoft.org/schema/mule/ee/data-mapper/current/mule-data-mapper.xsd
http://www.mulesoft.org/schema/mule/ee/dw http://www.mulesoft.org/schema/mule/ee/dw/current/dw.xsd
http://www.mulesoft.org/schema/mule/ee/tracking http://www.mulesoft.org/schema/mule/ee/tracking/current/mule-tracking-ee.xsd">
    <http:listener-config name="HTTP_Listener_Configuration" host="0.0.0.0" port="8383" basePath="bank" doc:name="HTTP Listener Configuration"/>
      <mulexml:namespace-manager includeConfigNamespaces="true">
    <mulexml:namespace prefix="cus" uri="http://www.mule.com/schemas/MuleSchema/CustomerLoanSchema.xsd"/>
  </mulexml:namespace-manager>
    <ws:consumer-config name="Web_Service_Consumer2" wsdlLocation="http://localhost:8282/bank/loan?wsdl" service="loan_system_api_wsdl" port="loan_system_api_wsdlSOAP" serviceAddress="http://localhost:8081/frbLoan/loan?client_id=0e25dea3db4745438b312f16cecc62ee&amp;client_secret=dc6308cb8969429e9AAB2CBC18158332" doc:name="Web Service Consumer" connectorConfig="HTTP_Request_Configuration"/>
    <ws:consumer-config name="Web_Service_Consumer3" wsdlLocation="http://localhost:8181/bank/customer?wsdl" service="CustomerServiceWSDL" port="CustomerServiceWSDLSOAP" serviceAddress="http://localhost:8081/frbCustomer/customer?client_id=0e25dea3db4745438b312f16cecc62ee&amp;client_secret=dc6308cb8969429e9AAB2CBC18158332" doc:name="Web Service Consumer" connectorConfig="HTTP_Request_Configuration"/>
    <http:request-config name="HTTP_Request_Configuration" host="localhost" port="8081" basePath="frbCustomer" doc:name="HTTP Request Configuration"/>
    <flow name="template_process_apiFlow">
        <http:listener config-ref="HTTP_Listener_Configuration" path="/customerLoan" doc:name="HTTP"/>
        <cxf:proxy-service namespace="${NameSpace}" service="${ServiceName}" payload="body" wsdlLocation="${WSDL_Path}" doc:name="CXF"/>
        <mulexml:dom-to-xml-transformer doc:name="DOM to XML"/>
        <set-variable variableName="customerId" value="#[xpath3(&quot;cus:getCustomerLoanRequest/cus:customer_id&quot;)]" doc:name="Variable"/>
        <tracking:custom-event event-name="customer_loan_process_request_event" doc:name="Custom Business Event">
            <tracking:meta-data key="customerId" value="#[flowVars.customerId]"/>
        </tracking:custom-event>
        <scatter-gather doc:name="Scatter-Gather">
        </scatter-gather>
        <dw:transform-message doc:name="Transform Message">
            <dw:set-payload><![CDATA[%dw 1.0
%output application/xml
%namespace ns1 http://www.mule.com/schemas/MuleSchema/CustomerLoanSchema.xsd
%namespace ns0 http://www.mule.com/schemas/MuleSchema/Schema.xsd2
%namespace ns2 http://www.mulesoft.com/schemas/Mule/Schema.xsd
%var customerPayload = flowVars.customerResponse
%var loanPayload = flowVars.loanResponse

---
{
	ns1#getCustomerLoanResponse: {
		ns0#customer: {
			ns0#id: customerPayload.customer.id,
			ns0#fname: customerPayload.customer.fname,
			ns0#lname: customerPayload.customer.lname,
			ns0#email: customerPayload.customer.email,
			ns0#"ph_number": customerPayload.customer.ph_number,
			ns0#"credit_score": customerPayload.customer.credit_score
		},
		ns2#loan: {
			ns2#loanId: loanPayload.loanList.loan.loanId,
			ns2#customerId: loanPayload.loanList.loan.customerId,
			ns2#loanType: loanPayload.loanList.loan.loanType,
			ns2#loanAmount: loanPayload.loanList.loan.loanAmount,
			ns2#monthlyPayment: loanPayload.loanList.loan.monthlyPayment,
			ns2#interestRate: loanPayload.loanList.loan.interestRate
		}
	}
}]]></dw:set-payload>
        </dw:transform-message>
        <logger message="#[flowVars.loan]" level="INFO" metadata:id="1a5c4d92-0c72-42c8-96ec-468992b7352f" doc:name="Logger"/>
        <set-payload value="#[payload]" doc:name="Set Payload"/>
    </flow>
</mule>
